"instructor_no","gender","telephone"
"Lê Duy Hạnh","0","01066 90371"
"Dương Yến Phương","1","0116 307 5314"
"Phạm Thanh Ngọc","0","0332 496 2983"
"Dương Phi Khanh","1","0500 749840"
"Nguyễn Thiên Duyên","0","056 1641 3331"
"Huỳnh Xuân Dung","0","0890 567 0390"
"Phan Thu Nguyệt","1","022 0680 2912"
"Hoàng Thu Yến","1","0500 483350"
"Phạm Thy Oanh","1","0500 949096"
"Đặng Ái Nhân","0","056 8679 2816"
"Lê Tuyết Nhi","1","0800 765 8332"
"Trần Thu Giang","1","0958 389 3359"
"Phạm Xuân Thu","0","016977 2022"
"Hoàng Vân Du","1","0800 476 6337"
"Nguyễn Hồng Thúy","0","0935 916 4721"
"Đặng Thu Hồng","0","0171 637 2108"
"Vũ Uyên Thi","1","0500 639386"
"Lê Bích Hậu","0","0886 014 7516"
"Lê Lệ Thủy","0","056 0872 2264"
"Vũ Đan Tâm","0","0800 808021"
"Đỗ Anh Hương","1","016977 4482"
"Đặng Thanh Thu","0","01866 87265"
"Lê Hồng Châu","0","055 8669 8363"
"Vũ Bạch Hoa","1","020 9253 6155"
"Hoàng Hạnh Chi","1","0500 998440"
"Võ Ngọc Thơ","1","0962 407 7643"
"Đặng Diên Vỹ","0","0800 422928"
"Hồ Hồng Ngọc","1","01939 417187"
"Huỳnh Xuân Hiền","1","0119 379 9916"
"Ngô Thanh Nguyên","0","011129 26798"
"Đặng Diên Vỹ","0","026 0187 2814"
"Hồ Ánh Ngọc","0","0500 683077"
"Bùi Nguyệt Cát","1","01079 91753"
"Đặng Hương Thủy","0","014679 48373"
"Trần Thu Giang","1","016977 1056"
"Võ Ngọc Lệ","1","0800 767496"
"Đỗ Hồng Thu","1","056 5753 6475"
"Dương Vinh Diệu","0","056 5972 7456"
"Bùi Kiều Nga","0","0843 927 9297"
"Phan Quỳnh Tiên","0","0191 693 9340"
"Hoàng Xuân Thanh","0","0800 123814"
"Huỳnh Ngọc Uyên","1","0312 976 1487"
"Huỳnh Mai Ly","0","01830 69449"
"Đỗ Thanh Trang","0","0800 881616"
"Vũ Anh Thy","0","0800 470546"
"Ngô Thúy Ngọc","1","0800 611001"
"Bùi Việt Hà","0","019948 61712"
"Đỗ Mai Anh","1","021 2839 5828"
"Đặng Bạch Kim","0","0800 257 3838"
"Vũ Phương Hiền","0","0908 866 8446"
"Huỳnh Huệ An","1","01469 387832"
"Dương Phương Quế","1","0394 474 6266"
"Dương Thiên Tuyền","1","0171 856 0883"
"Huỳnh Mỹ Trâm","0","0312 246 1548"
"Hồ Kim Liên","0","0800 619982"
"Lê Thúy Liễu","0","0141 667 9624"
"Trần Tố Tâm","1","016401 88411"
"Trần Sao Băng","0","01410 27716"
"Bùi Ðan Thu","1","016116 12550"
"Võ Bích Lam","1","015042 93153"
"Hoàng Xuân Lâm","1","01307 388191"
"Phạm Hải San","0","0117 481 7221"
"Phan Tùng Linh","1","01438 304970"
"Võ Nhã Thanh","0","0811 995 8645"
"Nguyễn Thanh Kiều","0","0111 658 2922"
"Vũ Phong Lan","0","0500 790798"
"Lê Hàm Thơ","1","0864 023 5326"
"Ngô Lam Tuyền","1","01218 24957"
"Phan Vân Hà","1","055 4406 2186"
"Đặng Thu Thuận","0","055 0410 4903"
"Đỗ Hạ Vy","0","0800 694319"
"Ngô Gia Khanh","0","016977 6296"
"Huỳnh Liên Hoa","0","056 3991 3021"
"Vũ Quỳnh Dung","1","0958 065 0971"
"Phan Lệ Băng","1","010936 49805"
"Hồ Phương Thi","0","0314 937 5627"
"Đỗ Đinh Hương","1","0800 199 0755"
"Đặng Minh Duyên","1","016977 0657"
"Ngô Khiết Tâm","0","0842 788 2735"
"Hồ Kim Loan","1","0111 370 7817"
"Phạm Bảo Hà","1","0500 610689"
"Dương Bạch Loan","1","01270 42572"
"Vũ Phương Nghi","0","01934 35521"
"Lê Mai Khôi","0","01296 148525"
"Lê Minh Trang","1","01441 620982"
"Lê Ái Thi","1","021 4701 6857"
"Đặng Diễm Quyên","1","0325 382 1031"
"Hoàng Bạch Vân","0","01353 45594"
"Hoàng Quỳnh Nhi","1","0117 616 4253"
"Bùi Từ Ân","1","0360 899 7314"
"Vũ Phương Diễm","0","0871 899 2277"
"Vũ Mai Thanh","1","01341 658001"
"Vũ Khải Hà","1","055 2492 5993"
"Vũ Bảo Trâm","1","01372 540026"
"Vũ Diễm Trinh","0","0329 522 5572"
"Bùi Thúy Hiền","1","0500 137969"
"Dương Phương Lan","1","01726 255682"
"Đỗ Anh Thư","1","0500 265218"
"Đặng Khải Tâm","1","0110 579 3889"
"Huỳnh Trúc Lâm","1","01944 46281"
"Hoàng Mỹ Loan","1","0800 927 1905"
"Ngô Thư Sương","1","055 1459 5886"
"Võ Bích Duyên","0","0899 542 5088"
"Trần Thu Phong","1","0800 639036"
"Huỳnh Nhã Ý","1","0844 442 5971"
"Dương Khánh Chi","0","0895 551 0725"
"Ngô Hà Nhi","0","0868 545 1361"
"Ngô Hồng Khôi","1","0800 091 7602"
"Hồ Thúy Minh","1","0809 921 3715"
"Hoàng Linh Phương","1","025 7444 5003"
"Ngô Triều Nguyệt","1","016977 5537"
"Vũ Mỹ Diễm","1","01501 007670"
"Vũ Diệp Anh","0","056 1328 8208"
"Ngô Ðồng Dao","1","0860 959 6460"
"Dương Thu Hậu","1","0800 352278"
"Dương Thục Khuê","1","0800 855 1160"
"Đặng Mai Hạ","0","0116 463 8198"
"Phan Kim Khánh","0","055 7429 6238"
"Dương Hiền Nương","0","0800 290 5054"
"Ngô Yến Hồng","1","018033 02538"
"Hoàng Thu Huyền","0","0141 783 5732"
"Dương Diệu Hoa","1","012313 50189"
"Võ Thanh Hằng","0","017511 58288"
"Đỗ Ngọc Mai","0","010641 23252"
"Đặng Ngân Trúc","0","0119 134 1005"
"Đỗ Mai Anh","0","055 1755 0720"
"Dương Diệu Hoa","1","0821 619 6172"
"Võ Thảo Nghi","1","0908 242 4572"
"Bùi Linh San","1","023 1610 0958"
"Hoàng Như Quỳnh","1","01939 112873"
"Lê Trúc Quân","0","0820 605 6384"
"Bùi Xuân Thủy","0","0346 821 2082"
"Ngô Thanh Nhung","1","0357 739 6844"
"Phạm Uyển Khanh","0","01073 95375"
"Dương Thanh Hồng","0","0500 430851"
"Phan Thanh Hương","1","01914 51943"
"Lê Mộng Thu","1","0809 431 8001"
"Bùi Nguyết Ánh","1","0854 533 4850"
"Đỗ Huyền Trang","0","015236 09837"
"Huỳnh Mai Ly","1","0800 573806"
"Đỗ Mộc Miên","0","055 4198 2112"
"Phan Thy Khanh","0","0171 008 6170"
"Dương Kim Cương","1","0101 096 1017"
"Ngô Hải Ngân","1","0354 600 8416"
"Ngô Hồng Khôi","1","01853 451167"
"Nguyễn Thúy Vy","1","0171 323 8678"
"Bùi Thúy Ngân","1","0933 762 8250"
"Võ Xuân Nhiên","1","0941 300 0657"
"Phạm Hồng Ngân","1","022 2770 3747"
"Lê Ngọc Diệp","0","055 5414 2551"
"Nguyễn Giáng Tiên","1","056 9989 4761"
"Đặng Hương Xuân","0","0942 897 4740"
"Hồ Kiều Trinh","0","0800 717115"
"Phạm Hạnh Vi","0","0841 936 0380"
"Võ Xuân Hương","0","0869 560 0261"
"Dương Phương Quế","0","0960 009 1945"
"Bùi Thanh Nhã","1","056 8658 3781"
"Nguyễn Thúy Anh","0","0800 512 9084"
"Dương Diệu Hoa","0","0873 577 6041"
"Huỳnh Ngọc Yến","1","0988 596 7411"
"Hồ Kim Liên","0","0800 986901"
"Ngô Hồng Ðào","1","01761 07385"
"Võ Thúy Phượng","0","01466 78885"
"Hoàng Anh Phương","0","0800 759775"
"Đỗ Bảo Quyên","1","027 0230 9651"
"Hồ Thiên Mai","1","0800 127979"
"Huỳnh Mai Phương","1","0113 597 6850"
"Huỳnh Ngọc Huyền","0","0302 080 2943"
"Huỳnh Ngọc Hân","1","0131 535 9706"
"Phạm Hồng Ðiệp","1","0364 780 6827"
"Vũ Hương Chi","1","01067 26173"
"Võ Diễm Phương","0","0191 361 1719"
"Nguyễn Thái Tâm","0","0800 141 7068"
"Phạm Hồng Hạnh","0","0500 649629"
"Nguyễn Ðông Vy","0","0841 990 0491"
"Hoàng Thủy Quỳnh","0","0131 386 7380"
"Nguyễn Giao Kiều","0","0800 989 0182"
"Phan Kiều Hạnh","1","0112 634 9438"
"Lê Thùy Giang","0","0191 791 2038"
"Phan Thúy Vân","0","0841 827 5715"
"Lê Thảo Tiên","1","0151 421 1809"
"Huỳnh Mai Ly","1","056 3137 8213"
"Hoàng Bích Ðào","0","026 6819 6081"
"Ngô Hoàng Thư","0","016977 7635"
"Lê Hải Thanh","1","024 5868 1824"
"Đặng Trang Linh","0","021 8366 4363"
"Dương Ái Khanh","1","0316 343 8283"
"Hoàng Phương Hạnh","0","0854 228 9657"
"Hoàng Hạnh Chi","1","016977 0179"
"Đặng Dã Thảo","0","01838 01660"
"Trần Tú Anh","1","016977 0904"
"Đỗ Mộc Miên","1","013959 69784"
"Bùi Hàm Nghi","1","0500 686504"
"Ngô Hồng Ðào","0","01693 54818"
"Hồ Mai Nhi","0","0800 896 9281"
"Lê Xuân Uyên","1","01698 843608"
"Phạm Hiếu Giang","0","0800 270 2027"
"Nguyễn Mộng Lan","1","0805 395 7723"
"Hoàng Hương Mai","1","0800 356 5617"
"Lê Bích Nga","1","0800 215702"
"Võ Linh Ðan","0","056 5138 2809"
