"student_no","student_name","gender","telephone"
"18020001","Phạm Minh Ðan","1","055 7650 3975"
"18020002","Hoàng Việt Khôi","0","055 9907 1100"
"18020003","Nguyễn Chế Phương","1","0800 836891"
"18020004","Vũ Ðức Quyền","1","0800 256524"
"18020005","Hoàng An Khang","0","0840 117 0342"
"18020006","Hồ Trung Chính","0","055 5708 2544"
"18020007","Đặng Chấn Hùng","1","0111 860 1309"
"18020008","Huỳnh Phương Triều","0","056 1111 3162"
"18020009","Đỗ Minh Hải","1","016438 59727"
"18020010","Hồ Mộng Giác","1","0398 401 9447"
"18020011","Hoàng Thiện Dũng","0","0800 574365"
"18020012","Võ Kiệt Võ","1","016977 7859"
"18020013","Đặng Dân Hiệp","1","0800 999 0498"
"18020014","Dương Hoàn Kiếm","0","0308 007 6872"
"18020015","Nguyễn Thiệu Bảo","1","0309 829 6788"
"18020016","Hồ Ðức Siêu","0","0800 215 7673"
"18020017","Võ Hiệp Hòa","0","0500 008448"
"18020018","Lê Ðông Nguyên","0","0997 723 0438"
"18020019","Hồ Dân Khánh","0","0800 061 8133"
"18020020","Vũ Trọng Khánh","1","01907 48248"
"18020021","Lê Bảo Long","0","0324 136 8903"
"18020022","Huỳnh Kim Sơn","0","0119 059 4410"
"18020023","Nguyễn Duy Thắng","1","0800 656784"
"18020024","Đỗ Ðình Dương","0","023 3449 7571"
"18020025","Võ Quốc Hưng","1","055 4183 3734"
"18020026","Lê Việt Duy","1","056 0080 1407"
"18020027","Nguyễn Minh Thạc","1","016977 3114"
"18020028","Bùi Hiểu Lam","0","01023 23943"
"18020029","Lê Cao Thọ","0","0957 653 9436"
"18020030","Phạm Chí Kiên","1","0800 272264"
"18020031","Lê Thống Nhất","0","0181 410 7421"
"18020032","Lê Ðịnh Lực","1","0131 431 3562"
"18020033","Nguyễn Tấn Tài","1","0361 367 2811"
"18020034","Đặng Ðình Thắng","0","0114 206 1757"
"18020035","Phan Phi Cường","1","0800 450575"
"18020036","Vũ Duy Tâm","0","016450 01969"
"18020037","Phan Minh Sơn","1","01300 73382"
"18020038","Đỗ Mạnh Hùng","0","016977 9912"
"18020039","Vũ Ðình Luận","0","0800 426 2158"
"18020040","Bùi Ðức Hòa","1","0930 163 1054"
"18020041","Võ Phước Nguyên","1","0321 046 5820"
"18020042","Dương Bình Ðạt","0","0800 153 1581"
"18020043","Dương Tuấn Tú","1","055 4134 1114"
"18020044","Bùi Khải Ca","0","0131 450 6860"
"18020045","Phan Thành Phương","1","0912 046 9587"
"18020046","Hồ Thái Sang","1","0131 064 7396"
"18020047","Hoàng Viết Nhân","0","0111 972 2831"
"18020048","Vũ Duy Hải","0","016977 6842"
"18020049","Hồ Huy Khiêm","0","012960 01278"
"18020050","Lê Ðại Dương","0","01910 40573"
"18020051","Hoàng Tài Nguyên","1","01563 61385"
"18020052","Hồ Thanh Ðoàn","0","0302 152 1965"
"18020053","Lê Duy Hùng","1","0807 173 0280"
"18020054","Hoàng Ðắc Di","0","016977 5578"
"18020055","Hồ Xuân Kiên","0","056 9644 1494"
"18020056","Đỗ Duy Cẩn","1","0349 261 1435"
"18020057","Hoàng Sơn Quân","1","0800 753939"
"18020058","Ngô Bình Dân","1","0118 803 1801"
"18020059","Phạm Duy Hoàng","1","0110 080 9837"
"18020060","Ngô Minh Ân","1","0171 886 9376"
"18020061","Hoàng Thế Bình","0","021 2921 0842"
"18020062","Vũ Trí Thắng","1","014880 74856"
"18020063","Dương Thành Công","1","01931 791223"
"18020064","Nguyễn Tuấn Ðức","1","01685 139697"
"18020065","Vũ Hữu Bảo","1","0970 135 9529"
"18020066","Hồ Thế Vinh","1","021 8939 2690"
"18020067","Hồ Minh Nhu","0","0866 504 2782"
"18020068","Bùi Thiện Luân","0","0823 186 5121"
"18020069","Đặng Vân Sơn","0","056 8007 9668"
"18020070","Nguyễn Minh Trung","1","0813 843 6427"
"18020071","Phan Ðình Nhân","0","021 1112 5640"
"18020072","Lê Thường Xuân","0","01358 126425"
"18020073","Hồ Huy Khiêm","1","016977 2771"
"18020074","Nguyễn Tấn Tài","0","016977 0098"
"18020075","Phạm Ðức Giang","1","0110 995 0085"
"18020076","Bùi Minh Toàn","0","056 4531 1301"
"18020077","Trần Thạch Sơn","1","0500 535504"
"18020078","Trần Quốc Thắng","0","016977 0474"
"18020079","Dương Hùng Phong","1","0800 511 9902"
"18020080","Hồ Tuấn Khải","1","0181 130 9447"
"18020081","Trần Viễn Thông","1","055 9427 4429"
"18020082","Vũ Ðức Quyền","1","01895 32982"
"18020083","Võ Tuấn Thành","0","01267 63630"
"18020084","Đỗ Hiệp Hiền","1","0118 179 5924"
"18020085","Phan Phú Bình","1","016120 47543"
"18020086","Huỳnh Phước An","1","0500 211285"
"18020087","Đỗ Ngọc Lân","0","0800 366649"
"18020088","Phạm Duy Tân","0","055 2244 7771"
"18020089","Bùi Minh Nghĩa","0","0969 241 2440"
"18020090","Hoàng Tân Bình","0","01651 84024"
"18020091","Võ Quảng Thông","1","0800 366 2888"
"18020092","Lê Tiền Giang","1","0500 222152"
"18020093","Vũ Quốc Hạnh","1","018001 14916"
"18020094","Trần Hoàng Ân","1","055 0343 7113"
"18020095","Trần Việt Võ","0","0161 989 9563"
"18020096","Võ Kiệt Võ","1","020 9791 9012"
"18020097","Huỳnh Phúc Hòa","1","0800 070523"
"18020098","Võ Duy Ngôn","0","0800 047 4413"
"18020099","Vũ Hán Lâm","1","0304 175 8636"
"18020100","Lê Thế Lực","0","0117 251 9456"
"18020101","Huỳnh Phước An","1","0303 994 8415"
"18020102","Đỗ Lạc Nhân","0","021 2755 0537"
"18020103","Trần Quang Trung","1","024 2228 2183"
"18020104","Hồ Quốc Hòa","1","019281 59224"
"18020105","Võ Trường Sinh","1","01570 54258"
"18020106","Bùi Quốc Anh","1","056 9221 0474"
"18020107","Võ Nam Phi","0","0118 705 7796"
"18020108","Phạm Vinh Diệu","0","0800 150 5804"
"18020109","Đặng Hoàng Thái","1","011609 10112"
"18020110","Vũ Quốc Vũ","0","0809 502 0078"
"18020111","Bùi Quang Hòa","1","0161 956 9239"
"18020112","Lê Quốc Thông","0","0110 441 8908"
"18020113","Đặng Trường Vũ","0","019811 28015"
"18020114","Lê Thành Tín","0","0114 761 5851"
"18020115","Bùi Minh Toàn","1","021 4994 3010"
"18020116","Hoàng Thái Dương","1","0373 429 0898"
"18020117","Đỗ Mạnh Quỳnh","1","0121 050 3244"
"18020118","Ngô Phụng Việt","1","055 4121 2398"
"18020119","Hoàng Thiện Sinh","0","01301 290346"
"18020120","Đỗ Thiện Ðức","0","055 9082 6329"
"18020121","Đặng Quang Triệu","1","0113 259 0867"
"18020122","Lê Văn Tuyển","0","0115 393 9499"
"18020123","Hoàng Trọng Nghĩa","1","0362 711 6830"
"18020124","Huỳnh Quốc Thành","1","0500 322345"
"18020125","Dương Chiêu Phong","0","0110 120 6627"
"18020126","Ngô Long Quân","1","0151 470 8168"
"18020127","Phan Kim Phú","0","0800 489 4767"
"18020128","Trần Khắc Minh","1","0161 084 2288"
"18020129","Vũ Bình Nguyên","0","0800 152 8494"
"18020130","Hoàng Tân Bình","1","0932 740 4151"
"18020131","Hồ Lâm Dũng","1","055 2644 9079"
"18020132","Huỳnh Bình Quân","1","0373 391 4673"
"18020133","Đỗ Thiện Giang","1","0500 200613"
"18020134","Huỳnh Phú Hiệp","1","0914 307 8270"
"18020135","Ngô Bình Dân","1","0111 904 3034"
"18020136","Ngô Thái Sơn","1","023 0910 1152"
"18020137","Vũ Cao Tiến","0","015127 81767"
"18020138","Trần Hữu Tâm","0","056 0401 6007"
"18020139","Nguyễn Việt An","1","016977 4024"
"18020140","Huỳnh Trường Liên","0","0840 669 6223"
"18020141","Hồ Vạn Hạnh","1","056 0150 7014"
"18020142","Trần Gia Huy","1","0800 829 1912"
"18020143","Dương Nguyên Khôi","1","0800 853 2284"
"18020144","Huỳnh Duy Luận","0","055 3476 0653"
"18020145","Vũ Quang Thắng","0","0316 660 4951"
"18020146","Phan Phú Hùng","1","0957 713 6590"
"18020147","Phạm Hồng Minh","0","015276 66501"
"18020148","Hoàng Hữu Cảnh","0","016977 9238"
"18020149","Vũ Quốc Hải","0","012220 55111"
"18020150","Huỳnh Hoàng Giang","1","0376 075 4407"
"18020151","Huỳnh Ðức Nhân","1","016977 9332"
"18020152","Nguyễn Thiệu Bảo","1","0342 195 4992"
"18020153","Dương Quang Tài","1","055 5884 7586"
"18020154","Đặng Nam Sơn","0","020 6763 1260"
"18020155","Hoàng Bá Trúc","0","0873 097 7870"
"18020156","Dương Thời Nhiệm","1","0800 377 9313"
"18020157","Đỗ Khởi Phong","1","01638 98412"
"18020158","Đỗ Thuận Phương","0","0315 116 2431"
"18020159","Dương Nguyên Khôi","1","01236 29690"
"18020160","Hoàng Tân Bình","1","0112 249 1346"
"18020161","Dương Hùng Tường","0","021 2113 9431"
"18020162","Trần Uy Vũ","0","0800 998073"
"18020163","Võ Phương Phi","0","0800 295798"
"18020164","Trần Hòa Bình","1","056 4754 6077"
"18020165","Hoàng Việt Dương","0","01678 775066"
"18020166","Nguyễn Tường Lân","0","0817 773 0166"
"18020167","Hồ Tuấn Khải","0","016977 9576"
"18020168","Dương Gia Phước","1","01542 64117"
"18020169","Phạm Ðình Toàn","0","0800 329 5634"
"18020170","Phạm Phú Hưng","1","016977 6583"
"18020171","Nguyễn Phúc Duy","0","0115 426 4534"
"18020172","Nguyễn Thành Nguyên","1","0921 582 6849"
"18020173","Lê Lương Thiện","0","0800 300035"
"18020174","Phan Quang Triều","0","022 5404 8995"
"18020175","Lê Tùng Châu","1","0151 794 0481"
"18020176","Phan Hiếu Nghĩa","1","01592 88108"
"18020177","Đỗ Thiện Ðức","1","0800 956 4641"
"18020178","Trần Ðông Quân","0","0993 803 6842"
"18020179","Vũ Tuấn Khanh","1","012030 36617"
"18020180","Đặng Công Án","0","016546 75831"
"18020181","Trần Dương Anh","1","01083 879060"
"18020182","Lê Bảo Khánh","0","0191 494 6640"
"18020183","Nguyễn Quang Thạch","0","055 9038 5085"
"18020184","Lê Trí Minh","1","01582 098902"
"18020185","Phan Hữu Châu","1","01875 476904"
"18020186","Nguyễn Ðức Toản","1","0335 721 6870"
"18020187","Nguyễn Mạnh Trường","0","01917 811101"
"18020188","Ngô Thế Trung","1","0500 166820"
"18020189","Đỗ Nam Phương","0","0111 639 4521"
"18020190","Vũ Việt Thắng","1","056 0222 5273"
"18020191","Vũ Mạnh Ðình","1","0800 738174"
"18020192","Ngô Xuân Quân","0","055 9350 1477"
"18020193","Hoàng Ðắc Thái","0","0111 094 4629"
"18020194","Đặng Quang Xuân","0","012781 45650"
"18020195","Hoàng Nhật Quân","0","014548 42720"
"18020196","Trần Nguyên Hạnh","0","0800 231 2722"
"18020197","Hoàng Lâm Viên","1","027 5032 6624"
"18020198","Ngô Khánh Ðan","0","0962 419 8467"
"18020199","Hoàng Hướng Thiện","1","0500 937728"
"18020200","Huỳnh Duy Thanh","1","01994 703959"
"18020201","Nguyễn Ðăng Ðạt","0","0800 423161"
"18020202","Huỳnh Hồ Nam","1","01669 946586"
"18020203","Đặng Vân Sơn","0","01825 834481"
"18020204","Đặng Ðình Ðôn","0","01504 698437"
"18020205","Đặng Minh Ðức","1","0121 568 7213"
"18020206","Lê Minh Quân","1","01887 514495"
"18020207","Huỳnh Huy Hà","0","0322 727 9691"
"18020208","Đặng Hoàng Minh","1","0800 361 2171"
"18020209","Hồ Quốc Hoàng","0","01975 64294"
"18020210","Bùi Hữu Cương","0","016977 5333"
"18020211","Võ Ngọc Khương","1","0800 556744"
"18020212","Võ Duy Ngôn","1","01407 17145"
"18020213","Phạm Minh Hỷ","1","056 7429 4996"
"18020214","Phạm Ðình Toàn","1","029 1754 0347"
"18020215","Vũ Việt Anh","1","055 5979 8570"
"18020216","Hồ Nam Hải","0","0116 812 1449"
"18020217","Lê Tuấn Kiệt","1","012241 80099"
"18020218","Phan Thượng Thuật","0","055 2698 3026"
"18020219","Dương Ðức Bằng","1","0316 771 1907"
"18020220","Bùi Minh Thắng","0","0902 754 8102"
"18020221","Vũ Khải Tâm","0","056 1084 8303"
"18020222","Vũ Ðức Chính","0","0929 314 7541"
"18020223","Vũ Tích Ðức","0","0500 785396"
"18020224","Bùi Yên Bình","0","056 2463 8925"
"18020225","Đỗ Thiên Lạc","1","056 5672 4514"
"18020226","Vũ Ðình Hảo","0","0800 046838"
"18020227","Dương Việt Hùng","1","0118 321 3779"
"18020228","Trần Nam An","1","01043 15209"
"18020229","Lê Quang Lân","0","055 7482 3969"
"18020230","Hoàng Hữu Ðịnh","1","0800 372375"
"18020231","Nguyễn Phú Ân","0","0915 384 2602"
"18020232","Phan Công Thành","0","056 2148 4681"
"18020233","Hồ Minh Kỳ","1","0965 101 5923"
"18020234","Phan Hiếu Nghĩa","1","0800 416199"
"18020235","Hồ Kim Long","0","0933 251 1686"
"18020236","Đặng Ngọc Hiển","1","055 7479 2024"
"18020237","Võ Ðức Tâm","0","0500 004432"
"18020238","Hồ Xuân Kiên","1","0965 989 0360"
"18020239","Hồ Minh Mẫn","0","01017 767867"
"18020240","Đỗ Vương Việt","0","0171 684 3765"
"18020241","Lê Hoàng Việt","0","016977 8328"
"18020242","Lê Hùng Thịnh","1","0351 466 5447"
"18020243","Phạm Hải Quân","1","0800 826 2043"
"18020244","Đỗ Trung Nguyên","0","010592 87658"
"18020245","Phan Thanh Toản","0","011920 14270"
"18020246","Trần Viễn Thông","1","056 0107 9979"
"18020247","Trần Hồng Thịnh","0","0800 705 0152"
"18020248","Hồ Thuận Toàn","0","0312 023 4764"
"18020249","Lê Quang Lân","1","0375 581 2455"
"18020250","Hồ Ðức Toàn","0","0947 882 3708"
"18020251","Dương Ðức Bằng","0","0121 730 9410"
"18020252","Đặng Thế Hùng","1","056 9664 8890"
"18020253","Phạm Thanh Phong","0","0800 825 0349"
"18020254","Phan Tiến Võ","0","0809 358 2188"
"18020255","Ngô Hải Bằng","1","0317 146 8607"
"18020256","Đặng Thiếu Cường","0","016977 8907"
"18020257","Hoàng Gia Cảnh","1","013133 06508"
"18020258","Lê Viễn Cảnh","0","056 0785 5432"
"18020259","Nguyễn Chí Khang","0","0101 961 5183"
"18020260","Đỗ Thanh Long","0","0800 899994"
"18020261","Huỳnh Trường Liên","0","014903 49781"
"18020262","Hồ Thái Sang","0","055 2435 5626"
"18020263","Lê Trọng Dũng","0","016977 3675"
"18020264","Hồ Trường Thành","1","055 6077 1975"
"18020265","Hồ Thành Ðệ","1","01547 750250"
"18020266","Nguyễn Công Lộc","1","01759 987573"
"18020267","Vũ Tích Ðức","1","056 9031 4741"
"18020268","Hồ Minh Thông","0","056 6452 7710"
"18020269","Trần Quang Hải","1","055 9986 1311"
"18020270","Đặng Thế Năng","1","056 5391 2750"
"18020271","Lê Gia Nghị","1","055 5766 5505"
"18020272","Hoàng Xuân Hãn","0","01252 40075"
"18020273","Huỳnh Duy Thanh","0","0800 412 9155"
"18020274","Phạm Quang Thuận","0","01748 361138"
"18020275","Dương Nguyên Khôi","0","055 5973 3698"
"18020276","Bùi Ðức Long","1","01378 19789"
"18020277","Trần Trọng Hùng","1","016977 5764"
"18020278","Võ Hữu Thực","1","0117 944 8465"
"18020279","Lê Trường Kỳ","1","0996 985 6913"
"18020280","Đặng Ðình Thắng","1","016977 1082"
"18020281","Võ Công Lý","0","0800 845 5839"
"18020282","Phan Chiêu Quân","1","01044 907098"
"18020283","Dương Việt Hồng","0","0118 706 2144"
"18020284","Huỳnh Kim Hoàng","0","01221 23842"
"18020285","Lê Tuấn Sỹ","0","055 0562 4328"
"18020286","Ngô Ðức Quang","1","0117 521 8367"
"18020287","Phạm Tuấn Long","1","013599 49271"
"18020288","Vũ Nam Ninh","1","01738 693414"
"18020289","Hoàng Kiến Ðức","0","027 6524 0199"
"18020290","Phạm Hoài Vỹ","1","0800 300330"
"18020291","Hoàng Tường Phát","0","0947 285 1624"
"18020292","Phan Nhật Khương","1","0805 409 5644"
"18020293","Hoàng Minh Thuận","1","0500 158833"
"18020294","Lê Duy Hùng","1","0131 670 9648"
"18020295","Dương Tường Anh","0","0800 075666"
"18020296","Phan Quang Anh","0","0110 215 7761"
"18020297","Hoàng Nhật Nam","0","01167 801922"
"18020298","Phan Thành Danh","0","0884 918 0328"
"18020299","Võ Quốc Quang","1","013128 86606"
"18020300","Đặng Ðại Thống","0","0800 484649"
"18020301","Nguyễn Minh Trung","0","0885 104 6513"
"18020302","Hoàng Quang Thái","0","056 2633 4782"
"18020303","Hồ Thế Vinh","1","0500 425574"
"18020304","Nguyễn Ngọc Thuận","1","0500 156914"
"18020305","Lê Tích Thiện","0","0800 398882"
"18020306","Hoàng Hoàng Duệ","0","055 5434 5573"
"18020307","Đỗ Nam Phương","1","056 1014 0711"
"18020308","Hồ Chiêu Minh","1","01379 240992"
"18020309","Đặng Thế Năng","1","01317 574330"
"18020310","Ngô Nhân Sâm","0","01383 16335"
"18020311","Dương Tùng Minh","0","0800 627484"
"18020312","Đỗ Giang Lam","0","0110 422 2766"
"18020313","Đỗ Thiện Ngôn","1","0800 918947"
"18020314","Phan Công Thành","0","055 5769 6873"
"18020315","Nguyễn Công Luật","0","0115 649 5699"
"18020316","Trần Bảo Huynh","1","01702 88113"
"18020317","Bùi Minh Lý","0","01657 693116"
"18020318","Võ Xuân Trường","0","01913 28458"
"18020319","Võ Trường Chinh","0","0840 471 9869"
"18020320","Hồ Ðức Toàn","0","01677 11538"
"18020321","Lê Ðại Dương","1","0331 630 2338"
"18020322","Dương Thất Cương","1","017565 20798"
"18020323","Phạm Trọng Hiếu","1","0800 659128"
"18020324","Đỗ Giang Lam","0","0868 085 8258"
"18020325","Huỳnh Duy Khánh","0","0181 625 1817"
"18020326","Hoàng Khánh Huy","1","023 5624 6023"
"18020327","Nguyễn Hồng Vinh","0","0800 028653"
"18020328","Nguyễn Quang Nhân","0","018688 59966"
"18020329","Phan Thế Minh","1","0500 536298"
"18020330","Hồ Anh Vũ","1","0919 931 9427"
"18020331","Võ Danh Văn","0","0867 170 0027"
"18020332","Võ Quang Bửu","0","056 1899 9883"
"18020333","Đỗ Quang Linh","0","01299 205239"
"18020334","Hồ Quốc Hoàng","1","01484 254424"
"18020335","Đỗ Mộng Hoàn","1","0500 464835"
"18020336","Phan Minh Sơn","1","0395 942 8095"
"18020337","Lê Hữu Nghị","0","0171 610 7267"
"18020338","Vũ Hải Long","1","016977 9571"
"18020339","Dương Hoàn Kiếm","0","01920 52362"
"18020340","Phạm Hòa Hiệp","1","0114 715 6777"
"18020341","Dương Nguyên Khôi","0","0800 533 2170"
"18020342","Nguyễn Danh Sơn","1","0936 130 4344"
"18020343","Nguyễn Ðức Bình","0","055 2767 0642"
"18020344","Hoàng Ðức Thọ","1","020 0499 6547"
"18020345","Võ Hữu Khoát","0","0111 690 9810"
"18020346","Võ Cao Phong","1","013260 89119"
"18020347","Huỳnh Quang Huy","1","0800 199 6927"
"18020348","Lê Nhật Bảo Long","0","056 8866 8159"
"18020349","Phạm Tạ Hiền","1","0328 736 3446"
"18020350","Phan Hải Dương","1","01653 49536"
"18020351","Đỗ Thế Duyệt","1","01483 41130"
"18020352","Phạm Xuân Sơn","0","024 4938 6410"
"18020353","Huỳnh Long Vịnh","1","0800 412 5209"
"18020354","Phạm Hiệp Hà","0","010961 61328"
"18020355","Dương Quốc Toản","1","0837 599 4222"
"18020356","Trần Hữu Bình","1","01666 637443"
"18020357","Phan Trọng Việt","1","01579 098387"
"18020358","Dương An Ninh","0","01263 11749"
"18020359","Trần Viễn Thông","1","0800 885313"
"18020360","Phan Công Thành","1","015815 66561"
"18020361","Bùi Thanh Sơn","0","01413 47785"
"18020362","Huỳnh Ðức Huy","1","0113 200 7186"
"18020363","Dương Thái Duy","1","0800 782 1871"
"18020364","Nguyễn Hữu Vĩnh","0","01087 227397"
"18020365","Đỗ Gia Hùng","0","0868 411 2932"
"18020366","Trần Hùng Ngọc","1","01360 69576"
"18020367","Võ Nghĩa Hòa","1","01768 523243"
"18020368","Nguyễn Công Lộc","0","026 2095 0774"
"18020369","Phạm Hữu Hoàng","0","0800 122420"
"18020370","Trần Công Tráng","0","0111 040 3214"
"18020371","Bùi Hồ Bắc","0","020 3498 0990"
"18020372","Đặng Bình Dương","0","0161 119 8877"
"18020373","Ngô Duy Tiếp","1","01259 65288"
"18020374","Trần Công Bằng","1","01046 02912"
"18020375","Ngô Chí Công","0","0141 611 9891"
"18020376","Trần Hồng Đức","0","016977 0292"
"18020377","Đặng Trung Kiên","1","0310 474 5975"
"18020378","Vũ Tấn Trình","0","0931 655 7543"
"18020379","Nguyễn Quang Thạch","1","0983 956 4502"
"18020380","Vũ Hữu Nam","0","0800 576 3553"
"18020381","Phạm Hoàng Hiệp","1","01126 668323"
"18020382","Bùi Giang Thiên","0","016977 7947"
"18020383","Đỗ Ðình Dương","0","0111 804 1326"
"18020384","Phan Hải Lý","0","0870 129 3670"
"18020385","Đỗ Cao Nhân","1","0500 913543"
"18020386","Phạm Ðình Trung","0","01558 961229"
"18020387","Võ Duy Minh","1","0800 642195"
"18020388","Vũ Việt Hải","0","0300 191 5127"
"18020389","Ngô Ðinh Lộc","1","0191 651 6202"
"18020390","Lê Lương Thiện","1","01276 148704"
"18020391","Vũ Vĩnh Long","0","056 0356 1071"
"18020392","Lê Thạch Tùng","0","0191 382 1739"
"18020393","Dương Thành Công","1","0355 043 2224"
"18020394","Võ Hạo Nhiên","0","0119 729 2006"
"18020395","Nguyễn Ðức Quảng","1","0845 015 3317"
"18020396","Đặng Huy Khánh","1","016977 9133"
"18020397","Lê Vương Triều","1","0819 987 8028"
"18020398","Phan Tuấn Trung","1","016977 0933"
"18020399","Đặng Vân Sơn","1","0500 075304"
"18020400","Dương Minh Tiến","0","0500 553174"
"18020401","Lê Hoàng Linh","1","010760 10058"
"18020402","Đỗ Khởi Phong","1","0912 880 2353"
"18020403","Hồ Ðức Tài","1","0800 936887"
"18020404","Phạm Chí Thành","1","01656 102854"
"18020405","Phan Minh Hiếu","1","0821 806 8641"
"18020406","Ngô Phúc Tâm","1","0112 801 8194"
"18020407","Trần Phương Nam","0","011928 14291"
"18020408","Phạm Xuân Thiện","1","016977 9973"
"18020409","Hồ Kim Long","1","01119 918035"
"18020410","Đỗ Tiến Hiệp","1","0800 365279"
"18020411","Dương Tùng Minh","0","056 8082 6568"
"18020412","Ngô Nguyên Nhân","0","0916 251 4106"
"18020413","Nguyễn Nhật Huy","1","056 5455 3965"
"18020414","Hoàng Kiên Cường","1","013918 82281"
"18020415","Bùi Tôn Lễ","1","0161 089 3184"
"18020416","Hoàng Duy Thành","1","01058 28259"
"18020417","Lê Hòa Thái","1","0118 268 6512"
"18020418","Vũ Mạnh Trình","0","01541 931209"
"18020419","Phan Hòa Lạc","1","010260 97095"
"18020420","Hồ Nghị Quyền","1","055 6749 4790"
"18020421","Hoàng Hữu Ðịnh","1","0800 652625"
"18020422","Phan Phi Cường","0","0115 803 4367"
"18020423","Dương Tiến Hoạt","1","0800 501996"
"18020424","Trần Bảo Pháp","1","016977 3003"
"18020425","Võ Kim Vượng","1","0800 278509"
"18020426","Nguyễn Thanh Liêm","1","01424 48407"
"18020427","Hồ Gia Hiệp","0","0141 233 2797"
"18020428","Đặng Trường Vũ","0","01640 10209"
"18020429","Phạm Ðức Trí","0","0862 644 8875"
"18020430","Vũ Hữu Bảo","1","056 7766 9279"
"18020431","Võ Thanh Việt","1","016813 03292"
"18020432","Bùi Hạnh Tường","0","056 0838 0929"
"18020433","Vũ Duy Nhượng","1","0315 242 2365"
"18020434","Nguyễn Kim Thông","0","016977 9786"
"18020435","Hoàng Công Sơn","0","0800 718819"
"18020436","Trần Gia Huy","0","011839 02643"
"18020437","Dương Việt Thanh","1","021 2462 5174"
"18020438","Trần Phúc Nguyên","0","0131 928 3436"
"18020439","Đặng Minh Ðức","0","056 9384 7748"
"18020440","Nguyễn Thiên Ân","0","0800 079842"
"18020441","Trần Ðăng Minh","0","01173 138180"
"18020442","Trần Việt Thái","0","0191 283 0486"
"18020443","Nguyễn Ðắc Cường","0","01104 019462"
"18020444","Ngô Việt Phong","1","0800 388311"
"18020445","Ngô Trung Hiếu","0","0800 410624"
"18020446","Huỳnh Hoàng Giang","1","0986 512 6567"
"18020447","Hồ Vạn Hạnh","1","0112 311 7103"
"18020448","Phạm Xuân Lạc","0","056 8641 1491"
"18020449","Phạm Tuấn Long","1","01106 795396"
"18020450","Nguyễn Nguyên Giang","0","01768 270189"
"18020451","Đặng Khánh Hội","0","0897 628 8972"
"18020452","Lê An Tường","0","055 6386 8160"
"18020453","Đặng Gia Phong","1","0800 255 7476"
"18020454","Hoàng Kiên Cường","0","028 9292 7311"
"18020455","Ngô Trung Ðức","0","0800 786496"
"18020456","Vũ Thuận Anh","0","01301 69644"
"18020457","Đỗ Mạnh Quỳnh","0","01474 171399"
"18020458","Dương Bảo Sơn","0","055 2396 8315"
"18020459","Ngô Ðình Chiểu","0","01904 46899"
"18020460","Ngô Thành Khiêm","0","0349 302 8351"
"18020461","Nguyễn Ðức Toản","0","026 4547 9431"
"18020462","Nguyễn Ðắc Lộ","0","0113 664 5014"
"18020463","Vũ Cao Tiến","0","0131 787 1709"
"18020464","Đỗ Nam Phương","1","0365 899 6645"
"18020465","Huỳnh Thất Dũng","1","056 4645 3253"
"18020466","Bùi Hữu Bào","1","0904 382 4860"
"18020467","Bùi Hải Giang","0","055 8055 4500"
"18020468","Trần Hiệp Vũ","1","0824 664 2308"
"18020469","Phan Nguyên Bổng","1","0956 230 7807"
"18020470","Dương Duy Hiếu","0","0800 875333"
"18020471","Huỳnh Thanh Kiên","1","01584 47389"
"18020472","Nguyễn Tấn Khang","0","0353 156 1736"
"18020473","Hồ Huy Khiêm","0","0376 624 0281"
"18020474","Hoàng Tấn Nam","1","0979 607 0383"
"18020475","Trần Thắng Lợi","0","016977 0547"
"18020476","Hồ Kim Long","0","056 4177 0414"
"18020477","Nguyễn Ngọc Thuận","0","0314 391 5516"
"18020478","Võ Thanh Phi","1","0118 238 8726"
"18020479","Hoàng Ðông Sơn","0","017649 24423"
"18020480","Huỳnh Vương Gia","1","0800 753382"
"18020481","Đặng Quốc Quân","0","0800 302 6714"
"18020482","Đỗ Ðình Dương","1","0315 935 1878"
"18020483","Bùi Quang Khanh","1","01091 23802"
"18020484","Trần Thụ Nhân","1","017573 27553"
"18020485","Bùi Huân Võ","1","0111 368 4802"
"18020486","Bùi Thành Long","0","056 0414 6112"
"18020487","Huỳnh Chính Tâm","0","055 9136 1344"
"18020488","Hồ Quang Vinh","1","0915 082 1003"
"18020489","Huỳnh Hoàng Long","1","0800 466190"
"18020490","Đặng Triều Thành","0","018775 72052"
"18020491","Võ Hoàng Ngôn","1","021 3161 2606"
"18020492","Ngô Anh Tùng","1","0111 789 7671"
"18020493","Ngô Chí Công","0","015668 01925"
"18020494","Đặng Nam Sơn","0","056 6843 8486"
"18020495","Đỗ Cao Nhân","1","0800 696604"
"18020496","Bùi Hòa Giang","1","01756 78115"
"18020497","Phan Chung Thủy","1","016977 4177"
"18020498","Phạm Bách Du","0","0330 423 2812"
"18020499","Nguyễn Ðạt Hòa","0","0110 593 4863"
"18020500","Đặng Khánh Bình","0","01385 75017"
"18020501","Phan Quang Ninh","0","016977 1674"
"18020502","Hoàng Xuân Cao","1","0500 944690"
"18020503","Võ Danh Văn","0","01013 11925"
"18020504","Đặng Việt Phương","1","0800 131 5788"
"18020505","Võ Hoàng Quân","1","0800 186055"
"18020506","Phạm Ðình Phúc","0","0800 264 0239"
"18020507","Vũ Danh Nhân","1","028 1415 6432"
"18020508","Vũ Ðình Phú","0","0116 535 3554"
"18020509","Bùi Huân Võ","1","016977 2033"
"18020510","Võ Khắc Kỷ","1","019161 40558"
"18020511","Ngô Kim Toàn","1","0121 104 8828"
"18020512","Nguyễn Lạc Phúc","0","0991 060 4793"
"18020513","Bùi Hồng Quý","0","0141 900 6524"
"18020514","Lê Anh Tài","0","055 6140 0792"
"18020515","Hoàng Ðắc Thái","1","056 1733 6322"
"18020516","Vũ Minh Khang","0","0800 682939"
"18020517","Phan Xuân Bình","0","016977 4680"
"18020518","Vũ Hữu Thiện","1","01294 59137"
"18020519","Hoàng Kiên Cường","0","027 0604 0676"
"18020520","Võ Kiến Bình","0","0500 010589"
"18020521","Phan Anh Dũng","1","0870 114 5175"
"18020522","Phan Công Giang","0","01820 196000"
"18020523","Hoàng Hoàn Vũ","1","0800 536 2990"
"18020524","Đỗ Ðình Diệu","0","0117 162 2831"
"18020525","Võ Ðức Tâm","0","025 1957 9649"
"18020526","Ngô Việt Phong","1","0951 856 1998"
"18020527","Phạm Chí Thanh","1","056 4124 2993"
"18020528","Đỗ Ðình Dương","1","01058 12322"
"18020529","Lê Hòa Thái","0","016402 22595"
"18020530","Vũ Quang Danh","0","0930 514 3996"
"18020531","Ngô Thái Minh","0","055 3686 2849"
"18020532","Trần Gia Ðức","1","016977 1930"
"18020533","Đỗ Khánh Giang","0","0800 289 1717"
"18020534","Ngô Duy Tiếp","1","019342 27437"
"18020535","Hoàng Trí Liên","0","0500 168157"
"18020536","Hồ Thế Tường","0","01123 98731"
"18020537","Võ Khắc Triệu","1","019514 96636"
"18020538","Vũ Ðình Luận","0","0800 435939"
"18020539","Nguyễn Minh Thạc","0","016977 7646"
"18020540","Phan Anh Dũng","1","01445 66907"
"18020541","Phạm Ðình Phúc","1","01264 91437"
"18020542","Vũ Quốc Văn","0","0328 823 4217"
"18020543","Nguyễn Việt Hoàng","0","01746 03089"
"18020544","Hoàng Huy Anh","0","01151 648490"
"18020545","Nguyễn Nhật Tấn","0","0800 270 7558"
"18020546","Ngô Anh Tùng","0","0953 513 1981"
"18020547","Bùi Minh Giang","0","0181 693 6109"
"18020548","Đặng Thiên Phú","1","016977 8475"
"18020549","Vũ Khánh An","0","0849 281 9719"
"18020550","Hoàng Ðức Khiêm","0","017259 54834"
"18020551","Hoàng Tùng Lâm","1","056 0857 2840"
"18020552","Võ Duy Minh","0","016977 4972"
"18020553","Nguyễn Quốc Trường","0","0859 854 8160"
"18020554","Hồ Nam Lộc","1","016977 2887"
"18020555","Đỗ Mộng Hoàn","0","0800 303 9355"
"18020556","Lê Thạch Tùng","0","0800 936 1026"
"18020557","Phạm Thanh Thiên","0","0800 674 5085"
"18020558","Hồ Sỹ Thực","1","013934 26008"
"18020559","Võ Niệm Nhiên","1","01184 224824"
"18020560","Lê Hòa Thái","0","0800 735148"
"18020561","Lê Duy Hùng","1","0800 302 5972"
"18020562","Đặng Thiện Tâm","0","056 7392 5844"
"18020563","Dương Anh Việt","0","0937 559 2568"
"18020564","Trần Hồng Đức","0","01461 10048"
"18020565","Phan Thành Danh","0","0191 313 9661"
"18020566","Đỗ Tiến Dũng","1","0999 690 8530"
"18020567","Ngô Thiên Lương","1","01220 63334"
"18020568","Phạm Vinh Diệu","0","0800 720769"
"18020569","Vũ Tuấn Chương","1","056 1839 3676"
"18020570","Huỳnh Ngọc Cường","0","0110 186 5488"
"18020571","Đỗ Thiện Giang","0","01976 23937"
"18020572","Lê Hoàng Khôi","0","0800 191 3648"
"18020573","Trần Minh Khôi","0","0500 375524"
"18020574","Vũ Thụy Du","0","0500 504030"
"18020575","Nguyễn Lương Tài","0","016977 3366"
"18020576","Nguyễn Xuân Lộc","0","0191 984 5028"
"18020577","Bùi Bá Lộc","1","0325 137 5118"
"18020578","Hồ Tân Ðịnh","1","0346 311 9457"
"18020579","Bùi Vạn Thắng","1","0101 214 3640"
"18020580","Vũ Nam Ninh","0","055 5878 1477"
"18020581","Ngô Gia Cần","1","019767 53029"
"18020582","Huỳnh Phong Dinh","0","019631 06033"
"18020583","Dương Công Tuấn","0","0117 155 9943"
"18020584","Trần Bảo Pháp","1","0181 054 5610"
"18020585","Nguyễn Chí Khang","1","0800 192 2896"
"18020586","Hoàng Minh Thuận","0","0112 351 1573"
"18020587","Lê Tuấn Kiệt","1","055 8230 5522"
"18020588","Trần Thụ Nhân","0","01675 05724"
"18020589","Trần Phúc Nguyên","0","056 0118 4075"
"18020590","Võ Vinh Quốc","0","016977 2473"
"18020591","Lê Minh Hùng","1","0151 207 3637"
"18020592","Nguyễn Ðắc Cường","1","011654 96940"
"18020593","Võ Minh Anh","1","01637 611278"
"18020594","Phạm Hòa Hiệp","1","022 2532 2444"
"18020595","Đỗ Vương Triệu","0","0111 562 4222"
"18020596","Dương Duy Hiếu","1","0846 085 2824"
"18020597","Hồ Sỹ Thực","0","016977 6848"
"18020598","Võ Kiến Bình","1","0986 031 6682"
"18020599","Vũ Hữu Nam","1","0383 769 4212"
"18020600","Đỗ Thế Duyệt","1","012134 55440"
"18020601","Đặng Mạnh Tuấn","0","028 9512 4434"
"18020602","Phạm Vĩnh Luân","1","0121 583 7045"
"18020603","Lê Hoài Phong","1","0500 494159"
"18020604","Trần Thụ Nhân","0","01799 163362"
"18020605","Huỳnh Trung Lực","0","055 5420 5685"
"18020606","Phan Ngọc Tuấn","1","01489 57353"
"18020607","Phan Hữu Tài","0","0500 211426"
"18020608","Ngô Huy Trân","1","0367 651 8909"
"18020609","Vũ Duy An","1","01722 385869"
"18020610","Dương Hùng Phong","1","056 3833 7409"
"18020611","Trần Minh Khôi","1","0114 863 6019"
"18020612","Dương Quân Dương","1","055 9648 0546"
"18020613","Đỗ Trung Nhân","0","0354 912 3035"
"18020614","Đỗ Kỳ Võ","0","0151 131 9875"
"18020615","Nguyễn Chí Khang","1","055 5530 3218"
"18020616","Hồ Quang Vinh","0","01699 746259"
"18020617","Phạm Việt Quyết","1","01074 609312"
"18020618","Lê Bách Nhân","0","0377 488 6044"
"18020619","Huỳnh Tài Ðức","1","056 7290 8976"
"18020620","Trần Quang Thịnh","0","0500 736916"
"18020621","Vũ Phi Long","0","0800 703220"
"18020622","Hồ Kim Long","0","0342 264 3224"
"18020623","Hoàng Nhật Quốc","0","055 8650 5443"
"18020624","Võ Mạnh Dũng","0","0389 366 4661"
"18020625","Vũ Thiện Minh","0","056 4647 7420"
"18020626","Huỳnh Duy Luận","1","0171 530 0519"
"18020627","Hồ Gia Hiệp","0","055 5019 3576"
"18020628","Đỗ Khánh Giang","0","0800 917947"
"18020629","Dương Ðức Mạnh","0","0958 626 7933"
"18020630","Huỳnh An Nam","1","055 9845 0195"
"18020631","Đặng An Cơ","0","010954 12852"
"18020632","Phan Minh Vũ","1","0800 654647"
"18020633","Hồ Thượng Liệt","0","056 0407 3658"
"18020634","Huỳnh Nhật Thịnh","1","056 2267 9950"
"18020635","Dương Việt Khoa","0","0800 276790"
"18020636","Phan Hoàng Mỹ","1","0111 900 1800"
"18020637","Bùi Lương Tuyền","0","0800 867 0266"
"18020638","Hoàng Ðức Khiêm","0","01304 07266"
"18020639","Trần Hữu Tâm","0","0906 218 3993"
"18020640","Vũ Trí Dũng","0","01367 81490"
"18020641","Phạm Xuân Sơn","1","010040 65743"
"18020642","Hồ Quốc Mạnh","0","01578 891685"
"18020643","Trần Hữu Hạnh","0","01202 602000"
"18020644","Hoàng Quốc Hiển","0","0309 858 6742"
"18020645","Huỳnh Cao Nghiệp","0","015277 83154"
"18020646","Bùi Thái Hòa","0","0500 685676"
"18020647","Huỳnh Mạnh Tường","1","0800 881 3849"
"18020648","Ngô Phúc Tâm","0","016977 2027"
"18020649","Ngô Khải Tuấn","1","0800 099 1569"
"18020650","Võ Minh Huấn","0","0112 256 2807"
"18020651","Đặng Mạnh Tuấn","1","0888 112 0833"
"18020652","Võ Bá Kỳ","1","0349 148 1593"
"18020653","Đặng Thanh Hào","1","013609 62708"
"18020654","Hồ Sỹ Thực","1","0887 499 1334"
"18020655","Phạm Thế Phúc","0","055 9335 0822"
"18020656","Phạm Tạ Hiền","1","055 8603 5643"
"18020657","Huỳnh Quốc Thành","0","01565 18465"
"18020658","Hồ Mộng Giác","1","017635 69610"
"18020659","Đặng Ðức Phi","1","0311 415 7232"
"18020660","Trần Hoàng Phát","0","0500 351294"
"18020661","Huỳnh Hoàng Long","0","01190 06184"
"18020662","Hồ Kim Long","0","022 4187 3462"
"18020663","Phan Quang Khải","0","0974 745 1574"
"18020664","Nguyễn Danh Sơn","1","0818 445 0701"
"18020665","Lê Việt Duy","0","0800 649 4294"
"18020666","Dương Thế Anh","1","055 3547 7353"
"18020667","Phan Công Thành","0","0800 645802"
"18020668","Trần Thông Tuệ","0","0800 425117"
"18020669","Huỳnh Ðoàn Tụ","0","056 0074 7038"
"18020670","Dương Nguyên Khôi","1","0800 471804"
"18020671","Phạm Trọng Hiếu","1","016977 1583"
"18020672","Hồ Tân Thành","1","0800 474 6398"
"18020673","Nguyễn Khắc Anh","1","0500 232017"
"18020674","Bùi Hữu Vượng","0","0500 787105"
"18020675","Đỗ Anh Sơn","1","056 0861 7244"
"18020676","Vũ Bình Nguyên","1","016977 1183"
"18020677","Võ Quang Dũng","1","0161 650 6089"
"18020678","Hoàng Ðắc Thái","1","016407 91714"
"18020679","Lê Mạnh Nghiêm","1","056 1417 7189"
"18020680","Hồ Huy Khiêm","1","0398 928 0040"
"18020681","Hồ Phục Lễ","1","0950 511 6636"
"18020682","Võ Hạo Nhiên","1","013811 83198"
"18020683","Võ Bá Kỳ","1","013366 20638"
"18020684","Ngô Thái Minh","1","0116 918 6281"
"18020685","Phan Trí Hùng","1","0800 783033"
"18020686","Phạm Nam Nhật","1","01093 203749"
"18020687","Võ Hạo Nhiên","1","056 2468 9780"
"18020688","Đỗ Hiệp Hiền","0","0884 104 1532"
"18020689","Dương Vĩnh Toàn","1","0865 771 1710"
"18020690","Võ Quang Bửu","0","0300 738 4047"
"18020691","Hồ Tiểu Bảo","0","0117 654 7373"
"18020692","Phan Tiến Võ","0","055 3777 8631"
"18020693","Phan Phú Hùng","1","0800 302938"
"18020694","Phan Tuấn Trung","0","0800 172 1370"
"18020695","Nguyễn Ðức Quảng","1","01123 76441"
"18020696","Hoàng Gia Cảnh","0","0312 053 3317"
"18020697","Lê Minh Quân","1","0800 390 1024"
"18020698","Bùi Hải Nguyên","1","0500 215361"
"18020699","Hồ Ðức Siêu","1","0117 662 0896"
"18020700","Bùi Tất Hiếu","0","0119 737 2765"
"18020701","Hoàng Tùng Lâm","0","056 9038 6440"
"18020702","Phan Công Giang","1","0800 409474"
"18020703","Đặng Hiếu Thông","1","014317 05090"
"18020704","Đỗ Sơn Giang","0","0151 711 8837"
"18020705","Phạm Phúc Cường","0","0800 366263"
"18020706","Trần Hữu Hạnh","1","016322 12443"
"18020707","Hồ Minh Vương","0","0986 034 3421"
"18020708","Nguyễn Minh Trung","1","0911 300 4424"
"18020709","Võ Hoàng Quân","1","01429 138012"
"18020710","Võ Phương Thể","1","016977 9531"
"18020711","Lê Anh Tài","1","0988 254 1668"
"18020712","Nguyễn Hoài Bắc","0","0310 719 6762"
"18020713","Trần Quang Hải","1","0912 025 5311"
"18020714","Nguyễn Duy Thông","0","0800 092 3284"
"18020715","Hoàng Nhật Hòa","0","0893 450 5410"
"18020716","Vũ Gia Khiêm","0","0116 698 1678"
"18020717","Ngô Như Khang","0","0500 515230"
"18020718","Phan Trường Sa","1","0112 819 7918"
"18020719","Đặng Lâm Trường","0","0191 843 1645"
"18020720","Trần Minh Khôi","1","055 5845 1024"
"18020721","Hồ Quốc Hoàng","1","0800 645711"
"18020722","Dương Nguyên Giáp","0","0151 394 7386"
"18020723","Hoàng Viết Nhân","1","0117 410 1303"
"18020724","Ngô Bảo Thái","1","055 6613 3173"
"18020725","Dương Nguyên Khôi","0","0800 776715"
"18020726","Đỗ Hữu Thọ","1","0181 685 6504"
"18020727","Hoàng Bửu Chưởng","0","029 7234 9098"
"18020728","Lê Ðịnh Siêu","1","0171 037 2414"
"18020729","Phan Minh Vũ","0","015959 84097"
"18020730","Hoàng Sơn Hà","0","022 4439 0262"
"18020731","Phạm Việt Thương","0","055 4997 0635"
"18020732","Phan Nguyên Văn","0","0916 644 8224"
"18020733","Bùi Hồ Bắc","1","0376 358 9631"
"18020734","Nguyễn Hồng Ðăng","1","0800 814 5854"
"18020735","Phạm Khắc Tuấn","0","0800 734798"
"18020736","Dương Duy Hiếu","0","0121 213 6917"
"18020737","Võ Trọng Chính","0","021 7653 8190"
"18020738","Đỗ Ðình Dương","1","0952 960 4210"
"18020739","Phạm Hữu Hoàng","0","01743 68110"
"18020740","Võ Bá Kỳ","0","0861 857 4235"
"18020741","Dương Quân Dương","0","0309 532 0178"
"18020742","Ngô Chí Hiếu","0","01244 938569"
"18020743","Huỳnh Minh Nhật","0","01586 58233"
"18020744","Vũ Đăng Khương","1","055 9323 7331"
"18020745","Lê Bảo Hoàng","0","055 3692 4479"
"18020746","Ngô Gia Bình","1","0372 593 7491"
"18020747","Phạm Minh Hỷ","0","0800 311 4587"
"18020748","Hoàng Minh Thuận","0","018275 67675"
"18020749","Ngô Khương Duy","1","016977 0234"
"18020750","Ngô Long Quân","0","0115 483 8322"
"18020751","Đỗ Thế Duyệt","0","0800 958319"
"18020752","Đặng Bảo Giang","0","01318 18107"
"18020753","Nguyễn Khai Minh","1","0833 391 0276"
"18020754","Hồ Thanh Ðoàn","0","01293 619554"
"18020755","Đặng Thiện Tâm","1","0831 798 3870"
"18020756","Ngô Trường An","1","0800 263 0056"
"18020757","Trần Hữu Khôi","1","0500 250300"
"18020758","Đỗ Thuận Phương","1","0800 623019"
"18020759","Vũ Hải Long","0","055 0995 8934"
"18020760","Đặng Phượng Long","0","0361 983 9655"
"18020761","Dương Bình Ðạt","0","0111 056 9879"
"18020762","Vũ Yên Sơn","0","0938 849 2908"
"18020763","Hồ Nghị Quyền","0","0800 014319"
"18020764","Phạm Thanh Phong","1","0800 808039"
"18020765","Hồ Ðắc Lực","0","011149 31814"
"18020766","Nguyễn Hữu Long","1","056 0565 7013"
"18020767","Phạm Chí Dũng","1","0813 676 0790"
"18020768","Võ Xuân Trường","0","0121 027 1066"
"18020769","Bùi Bảo Hoa","1","0500 329349"
"18020770","Võ Trường Hiệp","0","0800 430649"
"18020771","Trần Ðăng Minh","0","0866 707 4767"
"18020772","Đặng Nguyên Phong","0","016977 7651"
"18020773","Hồ Nam Hải","0","0840 385 5558"
"18020774","Huỳnh Hồng Giang","0","0862 385 6202"
"18020775","Đỗ Tuấn Hùng","0","0991 152 0507"
"18020776","Trần Thụ Nhân","1","0151 597 3060"
"18020777","Huỳnh Ðan Quế","1","056 7212 7526"
"18020778","Bùi Ðức Kiên","1","024 3625 5292"
"18020779","Nguyễn Quyết Thắng","0","055 0681 9100"
"18020780","Dương Ðình Nguyên","0","0836 758 0949"
"18020781","Huỳnh Thanh Kiên","0","0500 158083"
"18020782","Phan Quảng Ðạt","1","0862 237 7306"
"18020783","Dương Quốc Thiện","1","0986 501 0066"
"18020784","Ngô Phúc Tâm","0","056 2956 2475"
"18020785","Trần Hoàng Ân","0","01306 95521"
"18020786","Nguyễn Tấn Khang","0","01465 266454"
"18020787","Đỗ Thanh Quang","0","056 3290 6896"
"18020788","Hoàng Tân Bình","1","016977 4697"
"18020789","Đặng Thiên Phú","1","056 8028 5084"
"18020790","Hoàng Hoàn Vũ","1","01704 13604"
"18020791","Lê Sơn Trang","0","0873 438 2226"
"18020792","Trần Ngọc Ngạn","1","018436 66356"
"18020793","Bùi Hữu Tân","1","0119 937 7753"
"18020794","Phan Thế Minh","1","01722 665991"
"18020795","Đỗ Minh Tân","1","01353 394182"
"18020796","Phan Phú Hùng","1","0998 427 8276"
"18020797","Đỗ Nhân Từ","0","0937 097 4840"
"18020798","Dương Thế Anh","1","0800 537025"
"18020799","Võ Thanh Phi","1","0101 910 1326"
"18020800","Hoàng Kiến Ðức","0","020 1630 0679"
"18020801","Phạm Nguyên Khang","0","0800 368 0266"
"18020802","Ngô Chí Hiếu","1","0923 943 4281"
"18020803","Bùi Yên Bình","1","0344 518 3531"
"18020804","Nguyễn Lương Tài","0","0114 169 3473"
"18020805","Nguyễn Danh Sơn","1","0970 628 3146"
"18020806","Phan Kim Phú","1","01864 46529"
"18020807","Huỳnh Nhật Hồng","1","0500 765657"
"18020808","Trần Quốc Việt","1","0131 666 9799"
"18020809","Vũ Ðình Hảo","0","015128 94162"
"18020810","Hồ Trung Chính","0","01821 25087"
"18020811","Vũ Yên Sơn","1","0871 223 7349"
"18020812","Hoàng Thượng Khang","1","0114 007 9556"
"18020813","Đặng Hiếu Thông","1","055 3139 6842"
"18020814","Võ Trọng Chính","0","022 4708 9232"
"18020815","Võ Quang Dũng","1","01406 11365"
"18020816","Dương Minh Triệu","1","0384 138 9794"
"18020817","Ngô Khương Duy","0","0500 467830"
"18020818","Huỳnh Minh Nhật","1","01681 015678"
"18020819","Ngô Thanh Tịnh","1","016977 7930"
"18020820","Lê Khánh Hòa","1","0381 698 3559"
"18020821","Phan Hoài Nam","1","0800 588065"
"18020822","Huỳnh Hồng Giang","0","0808 678 8242"
"18020823","Vũ Hữu Canh","1","027 0966 4175"
"18020824","Hồ Kim Long","0","01239 37678"
"18020825","Ngô Ðức Phú","0","055 3982 9342"
"18020826","Dương Quốc Hoài","0","0121 823 5171"
"18020827","Phan Quang Trường","1","0332 875 2286"
"18020828","Huỳnh Bảo Toàn","1","0113 124 5609"
"18020829","Đặng Quang Xuân","1","0889 876 3281"
"18020830","Đặng Sỹ Ðan","1","01516 247556"
"18020831","Đỗ Tiến Hiệp","1","055 1978 4037"
"18020832","Huỳnh Minh Khánh","1","0110 540 9329"
"18020833","Phan Hoài Việt","1","01385 400569"
"18020834","Trần Vĩnh Hưng","0","0971 281 9401"
"18020835","Võ Nguyên Sử","0","055 3714 1918"
"18020836","Phạm Hồng Quang","0","0500 667989"
"18020837","Vũ Nam Dương","1","0332 125 8425"
"18020838","Dương Quốc Ðiền","0","01918 868270"
"18020839","Võ Bảo Huỳnh","0","0819 554 5659"
"18020840","Hồ Thế Tường","1","055 4828 9798"
"18020841","Võ Công Lý","0","024 3930 9253"
"18020842","Bùi Thanh Tuấn","0","016977 2526"
"18020843","Ngô Ðắc Trọng","0","0800 423 9602"
"18020844","Đặng Bích Nhã","1","015726 50788"
"18020845","Hồ Thuận Toàn","0","0800 666160"
"18020846","Phan Minh Danh","1","016977 2371"
"18020847","Lê Thế Lực","1","01550 00787"
"18020848","Đặng Hoàng Minh","0","0305 245 4292"
"18020849","Huỳnh Kim Sơn","1","01858 79883"
"18020850","Phạm Vĩnh Luân","1","01020 58509"
"18020851","Vũ Quang Lộc","1","01897 15455"
"18020852","Đặng Chấn Hùng","1","0500 707246"
"18020853","Dương Anh Khoa","0","01708 993650"
"18020854","Ngô Tuấn Hoàng","1","0877 654 6083"
"18020855","Lê Vương Triều","1","0356 203 1796"
"18020856","Dương Thất Thọ","0","0800 607 2586"
"18020857","Hoàng Khánh Huy","0","0131 381 5369"
"18020858","Đỗ Nam Phương","0","025 4189 2566"
"18020859","Bùi Thành Long","0","0121 466 3291"
"18020860","Nguyễn Việt Thông","0","012099 83672"
"18020861","Phan Minh Nhân","1","020 2705 1562"
"18020862","Võ Xuân Trường","0","0800 877 9742"
"18020863","Đặng Nam Sơn","1","055 8426 0101"
"18020864","Nguyễn Khắc Dũng","1","0969 755 9615"
"18020865","Bùi Hoàng Xuân","1","01399 08201"
"18020866","Võ Trường Hiệp","0","0800 158008"
"18020867","Phan Hữu Châu","1","0800 093438"
"18020868","Ngô Việt Phong","0","011558 15454"
"18020869","Phan Duy Cường","0","0800 944 0841"
"18020870","Võ Khánh Hoàn","1","0500 597289"
"18020871","Võ Cao Phong","1","023 2561 4405"
"18020872","Dương Tường Anh","0","056 9424 7726"
"18020873","Vũ Cao Tiến","0","056 8660 6882"
"18020874","Võ Hữu Khoát","1","0808 029 9426"
"18020875","Ngô Gia Cần","0","010124 04633"
"18020876","Ngô Như Khang","0","01557 187944"
"18020877","Võ Xuân Quý","0","01442 845486"
"18020878","Hồ Ðức Siêu","1","01041 32662"
"18020879","Đặng Thông Ðạt","0","055 9182 7266"
"18020880","Vũ Hữu Canh","1","01526 83830"
"18020881","Đỗ Hướng Dương","1","012060 67753"
"18020882","Hồ Phục Lễ","1","0500 179596"
"18020883","Võ Xuân Quý","0","0800 220 7393"
"18020884","Võ Hạo Nhiên","0","0926 413 2919"
"18020885","Đỗ Ðình Dương","1","0118 787 2382"
"18020886","Phạm Khắc Tuấn","0","056 7840 8685"
"18020887","Phạm Chí Kiên","0","016977 3343"
"18020888","Huỳnh Kiến Văn","0","0171 136 8515"
"18020889","Lê Tường Lâm","1","0854 552 7830"
"18020890","Nguyễn Ðức Quảng","1","056 8624 0493"
"18020891","Vũ Việt Hải","1","01079 28035"
"18020892","Võ Thanh Minh","1","0111 415 5773"
"18020893","Hồ Thanh Ðoàn","0","0800 823 8930"
"18020894","Võ Mạnh Dũng","1","055 0589 1903"
"18020895","Đỗ Vạn Lý","1","0304 476 7726"
"18020896","Huỳnh Lương Quyền","1","0878 264 1760"
"18020897","Bùi Anh Duy","1","01025 443314"
"18020898","Đỗ Thành Doanh","0","0974 029 5975"
"18020899","Hồ Quốc Phương","1","0101 042 2632"
"18020900","Phan Hoài Việt","0","0377 923 1012"
"18020901","Vũ Trí Dũng","1","01711 176460"
"18020902","Đặng Nhân Nguyên","1","015510 72501"
"18020903","Võ Nghĩa Hòa","1","016977 6465"
"18020904","Hồ Song Lam","0","0991 617 1752"
"18020905","Trần Việt Võ","1","0500 060640"
"18020906","Hoàng Quang Tú","1","0329 040 9587"
"18020907","Huỳnh Minh Nhật","1","016977 8946"
"18020908","Trần Hoàng Phát","0","01955 473782"
"18020909","Võ Vinh Quốc","1","0917 198 4442"
"18020910","Phan Quang Khải","0","0111 925 4052"
"18020911","Dương Minh Triệu","1","0114 890 5379"
"18020912","Nguyễn Ðức Toản","1","0881 451 3813"
"18020913","Bùi Minh Thắng","0","0116 202 0050"
"18020914","Trần Quang Thịnh","1","0800 034 9973"
"18020915","Đỗ Sơn Giang","0","0191 356 7485"
"18020916","Hoàng Việt Ngọc","1","0800 715415"
"18020917","Nguyễn Cao Kỳ","0","0113 664 4942"
"18020918","Ngô Thanh Toàn","0","0923 842 2876"
"18020919","Phạm Phi Ðiệp","0","01930 312919"
"18020920","Võ Quang Dương","0","0368 273 2514"
"18020921","Nguyễn Tấn Khang","0","0811 346 4961"
"18020922","Võ Trường Sinh","1","01239 314100"
"18020923","Đỗ Tâm Thiện","1","0161 232 4873"
"18020924","Hồ Nhân Văn","0","0824 008 1920"
"18020925","Hồ Vạn Hạnh","1","0800 019097"
"18020926","Đỗ Kỳ Võ","0","0800 062597"
"18020927","Vũ Tuấn Chương","0","018346 89187"
"18020928","Đỗ Xuân Ninh","1","055 7919 8755"
"18020929","Lê Trường Nam","1","0500 297459"
"18020930","Nguyễn Nguyễn Hải An","0","0902 550 3354"
"18020931","Nguyễn Quốc Trường","0","0119 929 1052"
"18020932","Huỳnh Tuấn Dũng","0","0992 722 5253"
"18020933","Dương Tùng Minh","0","017394 55131"
"18020934","Lê Cảnh Tuấn","1","01768 627802"
"18020935","Nguyễn Triệu Thái","1","0131 442 1264"
"18020936","Bùi Bảo Hoa","0","055 9328 0262"
"18020937","Võ Tiến Ðức","0","0171 951 0054"
"18020938","Võ Nghĩa Hòa","1","0324 371 4573"
"18020939","Vũ Việt Thắng","0","01438 87975"
"18020940","Võ Chuẩn Khoa","0","015976 07476"
"18020941","Võ Quang Dương","1","0967 501 1796"
"18020942","Ngô Ðinh Lộc","0","056 4548 1608"
"18020943","Hoàng Sơn Hà","1","0181 760 2443"
"18020944","Lê Khánh Hòa","0","056 1190 6648"
"18020945","Phan Phi Hoàng","1","01383 970243"
"18020946","Võ Quý Vĩnh","0","01664 293083"
"18020947","Bùi Tuấn Tài","1","0112 744 2196"
"18020948","Hồ Tân Thành","0","0856 682 8333"
"18020949","Nguyễn Danh Thành","0","0117 342 6416"
"18020950","Võ Chuẩn Khoa","1","0813 082 3347"
"18020951","Trần Thành Lợi","0","0800 175 6799"
"18020952","Lê Lương Thiện","0","0114 979 3157"
"18020953","Huỳnh Thụy Long","1","0171 668 4225"
"18020954","Hồ Nhật Quang","1","0111 640 7040"
"18020955","Đỗ Thanh Quang","1","0800 652385"
"18020956","Vũ Gia Khiêm","1","0873 059 6269"
"18020957","Đặng Khánh Hội","1","0923 745 3495"
"18020958","Đỗ Ðình Diệu","0","01929 274307"
"18020959","Phan Trọng Việt","0","0313 102 0612"
"18020960","Bùi Hải Nguyên","1","0191 166 5895"
"18020961","Phạm Phi Ðiệp","1","016977 2311"
"18020962","Võ Công Ân","1","01462 24802"
"18020963","Bùi Lập Thành","1","055 8329 8683"
"18020964","Bùi Khang Kiện","0","0115 863 0711"
"18020965","Võ Minh Huấn","0","0115 588 2908"
"18020966","Võ Nhất Tiến","0","056 6242 8646"
"18020967","Vũ Quốc Vũ","1","0849 194 8261"
"18020968","Trần Ðại Ngọc","0","0500 392329"
"18020969","Hồ Chấn Hưng","0","0161 500 7237"
"18020970","Phan Sơn Quyền","1","0500 583970"
"18020971","Ngô Thái Minh","1","01626 468269"
"18020972","Hoàng Minh Thái","1","01308 49743"
"18020973","Nguyễn Hoài Tín","0","055 3636 0252"
"18020974","Đặng Thiên Bửu","0","01521 54613"
"18020975","Hồ Minh Vương","0","0920 837 0685"
"18020976","Huỳnh Chí Khiêm","0","0800 325 0334"
"18020977","Phan Hòa Lạc","1","0500 716073"
"18020978","Bùi Chánh Việt","1","0379 410 2579"
"18020979","Phạm Minh Ðan","1","0114 117 4476"
"18020980","Huỳnh Xuân Nam","1","01545 239716"
"18020981","Ngô Quang Ðạt","1","01272 063954"
"18020982","Nguyễn Ðắc Cường","0","055 1497 9208"
"18020983","Hồ Minh Huy","0","0332 983 5942"
"18020984","Vũ Hán Lâm","1","0393 528 3014"
"18020985","Ngô Trung Anh","0","016977 1809"
"18020986","Vũ Ðạt Dũng","0","028 7043 9048"
"18020987","Vũ Mạnh Trình","0","0117 136 8319"
"18020988","Hồ Minh Hòa","1","0500 295997"
"18020989","Hồ Trường Thành","0","0349 478 6480"
"18020990","Hoàng Thành Trung","0","0820 301 7625"
"18020991","Phan Anh Dũng","1","0891 683 2301"
"18020992","Hoàng Việt Khôi","0","028 3132 7859"
"18020993","Vũ Chính Trực","1","016977 6917"
"18020994","Đỗ Bảo Chấn","1","016977 6966"
"18020995","Hoàng Thiện Dũng","1","0117 987 5665"
"18020996","Lê Phước Lộc","0","01882 818952"
"18020997","Dương Phú Thời","1","016977 0565"
"18020998","Phan Huy Hoàng","0","01173 95561"
"18020999","Võ Phước Nhân","1","014456 25597"
"18021000","Lê Thạch Tùng","0","056 7071 0397"
